Model,Accuracy,Precision,Recall,F1 Score
Logistic Regression,54.0,93.75,40.54054054054054,56.60377358490566
Naive Bayes,44.0,100.0,24.324324324324326,39.130434782608695
Decision Tree,60.0,79.3103448275862,62.16216216216216,69.6969696969697
Random Forest,64.0,80.64516129032258,67.56756756756756,73.52941176470588
SVM,52.0,93.33333333333333,37.83783783783784,53.84615384615385
KNN,57.99999999999999,78.57142857142857,59.45945945945946,67.6923076923077
