Model,Accuracy,Precision,Recall,F1 Score
Logistic Regression,85.0,77.77777777777779,87.5,82.35294117647058
Naive Bayes,75.0,71.42857142857143,62.5,66.66666666666666
Decision Tree,65.0,57.14285714285714,50.0,53.333333333333336
Random Forest,70.0,66.66666666666666,50.0,57.14285714285714
SVM,75.0,66.66666666666666,75.0,70.58823529411765
KNN,65.0,55.55555555555556,62.5,58.82352941176471
