Model,Accuracy,Precision,Recall,F1 Score
Logistic Regression,88.0,88.0,100.0,93.61702127659575
Naive Bayes,88.0,88.0,100.0,93.61702127659575
Decision Tree,80.0,90.47619047619048,86.36363636363636,88.37209302325581
Random Forest,92.0,91.66666666666666,100.0,95.65217391304348
SVM,88.0,88.0,100.0,93.61702127659575
KNN,84.0,87.5,95.45454545454545,91.30434782608695
